{"cameraMode":{"drawMode":0,"name":"Shaded","section":"Shading Mode"},"sceneLighting":true,"audioPlay":false,"sceneViewState":{"showFog":true,"showMaterialUpdate":false,"showSkybox":true,"showFlares":true,"showImageEffects":true,"showParticleSystems":true},"in2DMode":false,"pivot":{"x":-0.865384578704834,"y":-2.6423254013061525,"z":4.733880996704102},"rotation":{"x":0.31286928057670596,"y":0.06120540574193001,"z":-0.02020864188671112,"w":0.94761061668396},"size":13.022601127624512,"orthographic":false}