{"cameraMode":{"drawMode":0,"name":"Shaded","section":"Shading Mode"},"sceneLighting":true,"audioPlay":false,"sceneViewState":{"showFog":true,"showMaterialUpdate":false,"showSkybox":true,"showFlares":true,"showImageEffects":true,"showParticleSystems":true},"in2DMode":false,"pivot":{"x":-1.0266876220703126,"y":0.41356563568115237,"z":0.8125581741333008},"rotation":{"x":-0.10291948914527893,"y":0.8854933977127075,"z":-0.23537996411323548,"w":-0.3871803879737854},"size":10.0,"orthographic":false}