{"cameraMode":{"drawMode":0,"name":"Shaded","section":"Shading Mode"},"sceneLighting":true,"audioPlay":false,"sceneViewState":{"showFog":true,"showMaterialUpdate":false,"showSkybox":true,"showFlares":true,"showImageEffects":true,"showParticleSystems":true},"in2DMode":false,"pivot":{"x":-1.6049119234085084,"y":3.2372570037841799,"z":2.238241672515869},"rotation":{"x":0.06311311572790146,"y":0.6973367929458618,"z":-0.06187571957707405,"w":0.7112815976142883},"size":8.697647094726563,"orthographic":false}