{"cameraMode":{"drawMode":0,"name":"Shaded","section":"Shading Mode"},"sceneLighting":true,"audioPlay":false,"sceneViewState":{"showFog":true,"showMaterialUpdate":false,"showSkybox":true,"showFlares":true,"showImageEffects":true,"showParticleSystems":true},"in2DMode":false,"pivot":{"x":-3.9546127319335939,"y":-4.795173645019531,"z":-1.4063936471939088},"rotation":{"x":0.2072330117225647,"y":-0.7797749638557434,"z":0.32958918809890749,"w":0.4902891516685486},"size":9.01736068725586,"orthographic":false}